pokemon,usage_pct,rank,top_moves,top_items,top_abilities,top_teammates
Venusaur,11.0,17,污泥炸弹:95.023|守住:80.995|催眠粉:75.415|飞叶风暴:35.294|大地之力:30.920|能量球:28.658|终极吸取:19.457|寄生种子:11.011|日光束:10.256|气象球:4.977,气势披带:56.712|妙蛙花进化石:19.457|吃剩的东西:5.581|文柚果:4.827|奇迹种子:3.469|巧可果:2.866|毒针:1.207|光粉:1.056|棱瓜果:1.056|焦点镜:0.603,叶绿素:92.760|茂盛:4.374|厚脂肪:2.866,喷火龙:73.454|炽焰咆哮虎:72.700|烈咬陆鲨:62.896|Sneasler:48.265|风妖精:23.379|洛托姆:18.854|Basculegion:18.401|Farigiraf:17.195|美纳斯:15.988|煤炭龟:15.686
Charizard,18.0,9,Protect:97.209|Heat Wave:90.375|Solar Beam:75.650|Weather Ball:47.834|Air Slash:26.083|Overheat:18.576|Flare Blitz:6.737|Dragon Claw:6.064|Dragon Pulse:5.390|Dragon Dance:5.390,Charizardite Y:92.493|Charizardite X:6.449|Charcoal:0.481|Choice Scarf:0.096|Charti Berry:0.096|Life Orb:0.096|Lum Berry:0.096|Leftovers:0.096|King:0.096,Blaze:43.022|Solar Power:38.402|Drought:16.266|Tough Claws:2.310,Garchomp:69.779|Incineroar:61.020|Sneasler:57.844|Venusaur:46.872|Whimsicott:42.733|Kingambit:25.313|Rotom-Wash:20.212|Milotic:17.324|Farigiraf:15.207|Basculegion:12.897
Blastoise,1.0,54,Protect:68.235|Water Spout:67.059|Aura Sphere:41.176|Fake Out:37.647|Dark Pulse:36.471|Water Pulse:31.765|Ice Beam:27.059|Shell Smash:24.706|Dragon Pulse:11.765|Flip Turn:10.588,Blastoisinite:75.294|Leftovers:5.882|Rindo Berry:4.706|Mystic Water:4.706|Sitrus Berry:2.353|Wacan Berry:2.353|Choice Scarf:1.176|Bright Powder:1.176|Never-Melt Ice:1.176|White Herb:1.176,Rain Dish:52.941|Torrent:29.412|Mega Launcher:17.647,Sinistcha:44.706|Sneasler:41.176|Incineroar:35.294|Pelipper:28.235|Farigiraf:23.529|Aerodactyl:21.176|Kingambit:18.824|Garchomp:18.824|Archaludon:17.647|Gengar:16.471
Raichu,1.0,64,Fake Out:96.721|Volt Switch:59.016|Nuzzle:42.623|Encore:32.787|Thunderbolt:32.787|Electroweb:29.508|Protect:27.869|Thunder:16.393|Endeavor:11.475|Dazzling Gleam:8.197,Focus Sash:49.180|Sitrus Berry:14.754|Shuca Berry:13.115|Magnet:8.197|Leftovers:4.918|Bright Powder:1.639|Lum Berry:1.639|Quick Claw:1.639|Silk Scarf:1.639|White Herb:1.639,Lightning Rod:95.082|Static:4.918,Pelipper:31.148|Archaludon:29.508|Dragonite:27.869|Garchomp:27.869|Incineroar:26.230|Basculegion:24.590|Sneasler:22.951|Charizard:18.033|Sinistcha:16.393|Whimsicott:16.393
Clefable,4.0,35,Follow Me:97.768|Moonblast:90.625|Protect:83.482|Helping Hand:63.393|Life Dew:16.071|Thunder Wave:11.607|Icy Wind:8.929|Dazzling Gleam:4.464|Encore:3.571|Moonlight:3.125,Sitrus Berry:63.839|Leftovers:10.714|Clefablite:10.268|Mental Herb:2.679|Bright Powder:2.679|Kebia Berry:2.232|Lum Berry:2.232|Babiri Berry:1.339|Focus Sash:1.339|Colbur Berry:0.893,Unaware:81.696|Magic Guard:12.054|Cute Charm:5.357|Magic Bounce:0.893,Kingambit:60.714|Sneasler:58.929|Basculegion:44.643|Delphox:39.286|Dragonite:29.018|Garchomp:26.786|Froslass:22.321|Incineroar:14.286|Rotom-Wash:9.821|Whimsicott:8.929
Ninetales-Alola,4.0,36,Ventisca:92.727|Protección:77.727|Velo Aurora:70.455|Liofilización:34.545|Fuerza Lunar:33.636|Otra Vez:33.182|Viento Hielo:31.364|Anulación:7.727|Brillo Mágico:7.273|Refuerzo:3.636,Banda Focus:56.818|Antiderretir:15.000|Baya Caoca:7.273|Pañuelo Elección:6.364|Hierba Mental:3.636|Restos:2.273|Baya Zidra:2.273|Baya Baribá:1.818|Baya Kebia:0.909|Hierba Blanca:0.909,Nevada:94.545|Manto Níveo:5.455,Incineroar:50.909|Sneasler:43.636|Sinistcha:31.818|Garchomp:25.000|Kingambit:24.091|Rotom:22.727|Basculegion:21.818|Kommo-O:19.091|Glimmora:15.909|Corviknight:13.182
Arcanine,1.0,56,Flare Blitz:82.051|Protect:73.077|Will-O-Wisp:70.513|Snarl:61.538|Extreme Speed:46.154|Play Rough:8.974|Close Combat:8.974|Burn Up:8.974|Wild Charge:6.410|Temper Flare:6.410,Sitrus Berry:62.821|Leftovers:15.385|Lum Berry:5.128|Charcoal:3.846|White Herb:3.846|Shuca Berry:3.846|Focus Sash:1.282|Quick Claw:1.282|Black Belt:1.282|Chesto Berry:1.282,Intimidate:96.154|Justified:2.564|Flash Fire:1.282,Garchomp:47.436|Rotom-Wash:38.462|Sneasler:34.615|Tyranitar:30.769|Sinistcha:29.487|Gardevoir:21.795|Corviknight:21.795|Venusaur:20.513|Whimsicott:19.231|Kingambit:14.103
Arcanine-Hisui,3.0,42,Flare Blitz:99.485|Rock Slide:92.784|Protect:76.804|Extreme Speed:75.258|Head Smash:18.041|Howl:9.794|Close Combat:9.278|Wild Charge:6.701|Will-O-Wisp:3.093|Snarl:3.093,Focus Sash:25.773|Choice Scarf:16.495|White Herb:13.402|Shuca Berry:11.340|Sitrus Berry:9.278|Lum Berry:7.216|Chople Berry:6.701|Hard Stone:2.577|Passho Berry:1.546|Leftovers:1.546,Intimidate:88.660|Rock Head:11.340,Sneasler:63.918|Froslass:62.371|Kingambit:56.701|Sinistcha:39.691|Palafin:23.196|Whimsicott:16.495|Rotom-Wash:15.464|Garchomp:13.918|Milotic:11.856|Kommo-O:11.340
Gengar,11.0,18,Shadow Ball:95.269|Protect:94.127|Sludge Bomb:58.075|Perish Song:49.592|Disable:27.080|Substitute:22.023|Icy Wind:16.313|Sludge Wave:6.852|Will-O-Wisp:4.731|Destiny Bond:3.589,Gengarite:92.659|Focus Sash:5.220|Choice Scarf:0.653|Sitrus Berry:0.326|Quick Claw:0.326|Bright Powder:0.163|White Herb:0.163|Shell Bell:0.163|Leftovers:0.163|Meganiumite:0.163,Cursed Body:75.856|Shadow Tag:24.144,Incineroar:70.799|Sinistcha:33.116|Kingambit:28.059|Kommo-O:26.754|Politoed:25.775|Basculegion:24.307|Whimsicott:23.980|Sneasler:23.165|Garchomp:21.533|Archaludon:19.576
Kangaskhan,4.0,38,Fake Out:92.891|Double-Edge:80.095|Sucker Punch:79.621|Drain Punch:53.081|Low Kick:30.806|Protect:19.431|Body Slam:14.218|Crunch:5.213|Bite:3.791|Ice Punch:3.318,Kangaskhanite:96.682|Silk Scarf:2.844|Spell Tag:0.474,Scrappy:67.773|Inner Focus:22.749|Parental Bond:7.583|Early Bird:1.896,Sneasler:36.019|Incineroar:35.071|Aerodactyl:33.175|Basculegion:30.806|Sinistcha:29.384|Garchomp:22.749|Archaludon:22.275|Farigiraf:17.062|Kingambit:16.588|Meganium:16.588
Starmie,2.0,48,Liquidation:91.667|Protect:85.833|Aqua Jet:47.500|Psycho Cut:47.500|Zen Headbutt:39.167|Ice Spinner:36.667|Flip Turn:13.333|Substitute:10.833|Skill Swap:8.333|Waterfall:4.167,Starminite:96.667|Starmite:2.500|Sitrus Berry:0.833,Natural Cure:76.667|Huge Power:9.167|Illuminate:7.500|Analytic:5.833|Pure Power:0.833,Sneasler:65.000|Pelipper:56.667|Sinistcha:52.500|Kingambit:48.333|Incineroar:32.500|Archaludon:30.000|Dragonite:23.333|Garchomp:16.667|Whimsicott:15.000|Sylveon:12.500
Tauros-Paldea-Aqua,1.0,63,Close Combat:98.413|Protect:96.825|Aqua Jet:92.063|Wave Crash:79.365|Raging Bull:19.048|Wild Charge:4.762|Zen Headbutt:3.175|Bulldoze:1.587|Body Press:1.587|Rock Slide:1.587,White Herb:58.730|Mystic Water:25.397|Sitrus Berry:6.349|Leftovers:4.762|Focus Sash:3.175|Quick Claw:1.587,Intimidate:100.000,Aerodactyl:69.841|Meganium:52.381|Kangaskhan:49.206|Typhlosion-Hisui:47.619|Archaludon:46.032|Sinistcha:15.873|Aegislash:14.286|Kingambit:12.698|Rotom-Heat:12.698|Hydreigon:12.698
Gyarados,4.0,39,Waterfall:98.578|Protect:72.986|Thunder Wave:44.076|Taunt:43.128|Dragon Dance:37.915|Crunch:32.227|Ice Fang:21.801|Helping Hand:9.953|Earthquake:9.953|Icy Wind:5.687,Gyaradosite:33.175|Leftovers:17.536|Sitrus Berry:16.588|Lum Berry:13.744|Wacan Berry:4.739|Mystic Water:3.791|Quick Claw:2.370|Focus Sash:2.370|White Herb:1.422|King:0.948,Intimidate:93.839|Mold Breaker:4.265|Moxie:1.896,Garchomp:44.550|Sneasler:36.967|Sinistcha:36.019|Tyranitar:33.175|Incineroar:22.275|Excadrill:21.327|Whimsicott:19.905|Kingambit:18.483|Rotom-Heat:15.166|Corviknight:14.218
Aerodactyl,16.0,11,Rock Slide:99.336|Dual Wingbeat:95.465|Protect:93.695|Tailwind:93.363|Wide Guard:6.748|Iron Head:1.991|Ice Fang:1.438|Earthquake:1.217|Taunt:1.217|Crunch:1.106,Focus Sash:79.425|Aerodactylite:14.934|Lum Berry:2.102|King:0.996|White Herb:0.332|Sitrus Berry:0.332|Sharp Beak:0.332|Choice Scarf:0.221|Leftovers:0.221|Mental Herb:0.221,Unnerve:88.606|Pressure:4.535|Rock Head:3.872|Tough Claws:2.987,Sneasler:58.628|Garchomp:48.783|Incineroar:48.673|Floette-Eternal:43.695|Kingambit:34.403|Sinistcha:28.319|Basculegion:22.677|Rotom-Wash:21.792|Delphox:13.274|Maushold:12.942
Snorlax,1.0,89,Corposcontro:72.414|Protezione:44.828|Panciamburo:34.483|Forza Equina:27.586|Sbadiglio:24.138|Sgranocchio:20.690|Frana:17.241|Terremoto:17.241|Riposo:17.241|Facciata:13.793,Baccacedro:37.931|Avanzi:34.483|Baccaprugna:10.345|Baccarosmel:10.345|Baccastagna:3.448|Rapidartigli:3.448,Grassospesso:75.862|Voracità:13.793|Immunità:10.345,Sinistcha:34.483|Incineroar:34.483|Hawlucha:24.138|Farigiraf:20.690|Dragonite:20.690|Charizard:20.690|Basculegion:13.793|Sneasler:13.793|Venusaur:13.793|Slowbro:13.793
Dragonite,12.0,15,Protezione:80.000|Tifone:51.765|Dragobolide:44.412|Extrarapido:39.706|Ventoincoda:32.500|Dragopulsar:22.647|Tuono:18.676|Squamacolpo:17.647|Geloraggio:12.206|Dragartigli:7.206,Dragoninite:65.147|Baccaprugna:15.147|Erbachiara:3.971|Dentedidrago:2.794|Sciarpa Seta:2.353|Avanzi:1.618|Baccacedro:1.471|Focalnastro:1.029|Dragonitite:0.735|Stolascelta:0.735,Multisquame:73.235|Forza Interiore:26.765,Sneasler:53.382|Basculegion:50.441|Pelipper:45.000|Incineroar:38.088|Sinistcha:33.971|Archaludon:33.676|Kingambit:28.088|Whimsicott:11.618|Garchomp:10.882|Gengar:10.000
Meganium,6.0,29,Rayo Solar:99.063|Brillo Mágico:92.500|Protección:88.750|Meteorobola:86.875|Síntesis:13.750|Tierra Viva:12.812|Gigadrenado:1.250|Pulso Cura:0.625|Sustituto:0.625|Arraigo:0.313,Meganiumite:96.875|Meganiumita:1.250|meganiumite:0.938|Restos:0.625|Baya Zidra:0.313,Espesura:49.375|Defensa Hoja:32.813|Mega Sol:17.813,Pelipper:45.313|Sneasler:45.313|Basculegion:45.000|Archaludon:43.750|Incineroar:31.563|Aerodactyl:25.625|Kingambit:18.438|Tyranitar:17.813|Garchomp:15.937|Dragonite:13.750
Typhlosion-Hisui,3.0,44,Eruption:98.000|Shadow Ball:91.333|Heat Wave:86.000|Overheat:53.333|Focus Blast:18.000|Protect:13.333|Infernal Parade:10.000|Solar Beam:7.333|Extrasensory:6.000|Flamethrower:4.667,Choice Scarf:88.667|Charcoal:9.333|Choice Specs:1.333|Spell Tag:0.667,Blaze:52.667|Frisk:47.333,Whimsicott:46.000|Sneasler:40.667|Incineroar:32.667|Aerodactyl:28.000|Garchomp:27.333|Charizard:24.667|Meganium:22.000|Kangaskhan:22.000|Archaludon:20.000|Tauros-Paldea-Aqua:20.000
Feraligatr,1.0,75,Liquidation:85.714|Protect:73.810|Double-Edge:59.524|Dragon Dance:38.095|Aqua Jet:26.190|Ice Punch:19.048|Body Slam:16.667|Waterfall:14.286|Crunch:9.524|Brick Break:7.143,Feraligite:92.857|White Herb:2.381|Feraligatrite:2.381|Feraligatrita:2.381,Sheer Force:64.286|Torrent:21.429|Dragonize:11.905|Strong Jaw:2.381,Incineroar:47.619|Sneasler:40.476|Sinistcha:38.095|Pelipper:35.714|Archaludon:28.571|Farigiraf:23.810|Kingambit:23.810|Whimsicott:11.905|Maushold:9.524|Basculegion:9.524
Azumarill,1.0,66,Aqua Jet:94.545|Play Rough:89.091|Belly Drum:80.000|Protect:60.000|Liquidation:25.455|Superpower:14.545|Ice Spinner:9.091|Knock Off:5.455|Ice Punch:3.636|Perish Song:3.636,Sitrus Berry:81.818|Mystic Water:7.273|Quick Claw:1.818|Leftovers:1.818|White Herb:1.818|Sytrus Berry:1.818|Chesto Berry:1.818|Focus Sash:1.818,Huge Power:94.545|Sap Sipper:3.636|Thick Fat:1.818,Sinistcha:36.364|Incineroar:30.909|Pelipper:27.273|Gengar:23.636|Kingambit:21.818|Archaludon:20.000|Dragonite:20.000|Maushold:16.364|Basculegion:14.545|Sneasler:14.545
Politoed,5.0,33,Protect:94.656|Weather Ball:83.969|Perish Song:59.924|Encore:44.275|Icy Wind:28.626|Helping Hand:25.191|Muddy Water:23.282|Ice Beam:19.847|Earth Power:4.580|Rain Dance:4.198,Leftovers:50.382|Sitrus Berry:31.679|Mystic Water:8.397|Quick Claw:2.290|Mental Herb:1.527|Wacan Berry:1.527|Bright Powder:1.145|Choice Scarf:0.763|Focus Sash:0.763|Rindo Berry:0.763,Drizzle:95.420|Water Absorb:4.580,Incineroar:66.794|Gengar:60.305|Archaludon:37.786|Basculegion:37.405|Sinistcha:35.115|Sneasler:23.664|Whimsicott:22.519|Dragonite:22.519|Palafin:17.557|Kommo-O:16.412
Scizor,4.0,41,Bullet Punch:100.000|Protect:91.748|Swords Dance:68.447|Bug Bite:62.136|Close Combat:26.214|Dual Wingbeat:15.049|U-turn:12.621|Knock Off:6.311|Assurance:4.369|X-Scissor:2.427,Scizorite:76.214|Metal Coat:10.680|Sitrus Berry:3.883|White Herb:2.427|Occa Berry:1.456|Focus Sash:1.456|Bright Powder:0.971|Leftovers:0.971|Quick Claw:0.971|Lum Berry:0.485,Technician:94.660|Swarm:2.913|Light Metal:2.427,Incineroar:51.942|Sneasler:44.660|Sinistcha:42.233|Basculegion:41.262|Pelipper:30.583|Garchomp:18.932|Archaludon:18.447|Aerodactyl:17.961|Politoed:13.592|Kommo-O:12.621
Skarmory,1.0,78,Iron Head:97.619|Protect:85.714|Brave Bird:78.571|Tailwind:38.095|Body Press:16.667|Swords Dance:14.286|Dual Wingbeat:14.286|Rock Slide:14.286|Roost:9.524|Drill Run:7.143,Skarmorite:95.238|Focus Sash:2.381|Occa Berry:2.381,Sturdy:52.381|Weak Armor:33.333|Stalwart:11.905|Keen Eye:2.381,Incineroar:47.619|Sneasler:42.857|Garchomp:40.476|Sinistcha:38.095|Milotic:30.952|Tyranitar:28.571|Whimsicott:23.810|Basculegion:19.048|Kingambit:16.667|Glimmora:14.286
Tyranitar,14.0,13,岩崩:96.933|守住:81.840|拍落:72.515|踢倒:57.055|冰冻拳:20.000|龙之舞:15.828|咬碎:15.706|尖石攻击:8.712|地震:6.748|十万马力:4.785,班基拉斯进化石:67.853|讲究围巾:13.374|莲蒲果:8.344|木子果:2.086|吃剩的东西:2.086|气势披带:1.350|腰木果:1.227|文柚果:0.982|先制之爪:0.613|白色香草:0.613,扬沙:99.755|紧张感:0.245,Sinistcha:57.178|炽焰咆哮虎:52.025|龙头地鼠:48.098|Sneasler:30.920|洛托姆:29.693|烈咬陆鲨:28.957|钢铠鸦:24.663|Floette-Eternal:15.215|耿鬼:13.129|Kommo-O:12.638
Pelipper,15.0,12,Vendaval:97.018|Meteorobola:87.041|Viento Afín:79.014|Protección:65.252|Vastaguardia:34.060|Agua Lodosa:10.436|Viento Hielo:7.110|Ida y Vuelta:6.881|Refuerzo:2.752|Rayo Hielo:2.752,Banda Focus:75.000|Pañuelo Elección:7.798|Baya Zidra:6.078|Restos:3.096|Garra Rápida:1.491|Agua Mística:1.376|Pico Afilado:1.147|Baya Gualot:0.803|Baya Ziuela:0.688|Hierba Mental:0.573,Llovizna:98.050|Vista Lince:1.491|Cura Lluvia:0.459,Basculegion:64.564|Archaludon:58.830|Incineroar:47.706|Sinistcha:44.495|Sneasler:43.578|Dragonite:35.092|Kingambit:20.528|Meganium:16.628|Floette-Eternal:13.188|Gengar:12.729
Gardevoir,7.0,25,Abri:70.876|Mégaphone:68.814|Psyko:53.093|Choc Psy:39.433|Distorsion:37.629|Pouvoir Lunaire:36.598|Éclat Magique:25.515|Plénitude:13.918|Vent Glace:12.887|Aurasphère:10.825,Gardevoirite:71.134|Mouchoir Choix:23.969|Baie Sitrus:1.031|Ceinture Force:1.031|Fairy Feather:0.773|Vive Griffe:0.515|Restes:0.515|Pa:0.258|Bandeau:0.258|Herbe Blanche:0.258,Calque:41.495|Télépathe:41.237|Peau Féérique:9.794|Synchro:6.959|Sincron:0.258|Telepathy to Pixilate when MEGA:0.258,Carchacrok:56.186|Félinferno:54.639|Sneasler:34.278|Sinistcha:26.546|Milobellus:23.196|Motisma:23.196|Dracaufeu:22.938|Florizarre:19.330|Kingambit:19.330|Basculegion:12.887
Sableye,2.0,50,Encore:52.212|Disable:40.708|Fake Out:38.053|Foul Play:37.168|Rain Dance:33.628|Light Screen:33.628|Reflect:24.779|Will-O-Wisp:22.124|Quash:19.469|Protect:19.469,Mental Herb:25.664|Roseli Berry:24.779|Sitrus Berry:16.814|Focus Sash:12.389|Leftovers:6.195|Sablenite:5.310|Lum Berry:2.655|Black Glasses:2.655|White Herb:1.770|Focus Band:0.885,Prankster:95.575|Magic Bounce:1.770|Keen Eye:1.770|Stall:0.885,Basculegion:30.973|Incineroar:29.204|Sneasler:28.319|Pelipper:27.434|Archaludon:22.124|Garchomp:19.469|Kingambit:16.814|Sinistcha:15.929|Aerodactyl:15.929|Charizard:15.044
Aggron,2.0,46,Heavy Slam:91.603|Protect:91.603|Body Press:90.840|Iron Defense:83.206|Iron Head:8.397|Rock Slide:7.634|Earthquake:4.580|Stone Edge:3.817|Stealth Rock:2.290|Metal Burst:1.527,Aggronite:94.656|Leftovers:3.053|Bright Powder:0.763|TonyTonelada - Aggronitite:0.763|Shell Bell:0.763,Sturdy:48.855|Heavy Metal:23.664|Filter:22.901|Rock Head:4.580,Sinistcha:75.573|Incineroar:62.595|Sneasler:38.168|Tyranitar:31.298|Pelipper:26.718|Basculegion:25.954|Dragonite:15.267|Rotom-Wash:14.504|Garchomp:13.740|Farigiraf:10.687
Manectric,1.0,74,Volt Switch:83.721|Protect:83.721|Snarl:69.767|Thunderbolt:69.767|Overheat:27.907|Flamethrower:20.930|Thunder:16.279|Discharge:9.302|Light Screen:6.977|Thunder Shock:2.326,Manectite:88.372|Quick Claw:4.651|Focus Sash:2.326|Choice Specs:2.326|Leftovers:2.326,Lightning Rod:83.721|Intimidate:11.628|Static:4.651,Incineroar:46.512|Sinistcha:39.535|Pelipper:34.884|Archaludon:34.884|Basculegion:32.558|Sneasler:30.233|Kingambit:20.930|Scizor:20.930|Primarina:16.279|Garchomp:16.279
Camerupt,1.0,77,大地之力:100.000|守住:90.476|噴火:80.952|熱風:69.048|原始之力:21.429|噴射火焰:9.524|加農光炮:7.143|哈欠:4.762|岩崩:4.762|泰山壓頂:2.381,噴火駝進化石:92.857|氣勢披帶:2.381|吃剩的東西:2.381|木炭:2.381,堅硬岩石:54.762|熔岩鎧甲:28.571|強行:14.286|憤怒穴位:2.381,Farigiraf:57.143|Kingambit:30.952|Sinistcha:28.571|智揮猩:28.571|好勝毛蟹:26.190|煤炭龜:23.810|Maushold:23.810|熾焰咆哮虎:19.048|布莉姆溫:14.286|謎擬Ｑ:14.286
Torkoal,5.0,31,Eruption:96.727|Protect:94.545|Heat Wave:63.273|Weather Ball:48.727|Earth Power:47.636|Solar Beam:10.182|Helping Hand:10.182|Overheat:7.636|Flamethrower:4.727|Yawn:4.727,Charcoal:92.364|Leftovers:2.545|Quick Claw:1.818|Sitrus Berry:1.091|Focus Sash:0.727|King:0.364|White Herb:0.364|Quentona - charcoal:0.364|Choice Scarf:0.364,Drought:98.909|White Smoke:0.727|Solar Power:0.364,Farigiraf:73.091|Incineroar:61.455|Venusaur:37.818|Golurk:32.000|Sneasler:29.818|Kingambit:22.909|Charizard:19.273|Hatterene:16.364|Sinistcha:16.000|Whimsicott:12.727
Altaria,1.0,84,Protect:71.429|Draco Meteor:48.571|Tailwind:45.714|Roost:37.143|Perish Song:34.286|Hyper Voice:25.714|Will-O-Wisp:20.000|Cotton Guard:17.143|Dragon Pulse:14.286|Moonblast:8.571,Altarianite:28.571|Leftovers:25.714|Haban Berry:14.286|Focus Sash:8.571|Yache Berry:8.571|King:5.714|Lum Berry:5.714|Roseli Berry:2.857,Cloud Nine:91.429|Natural Cure:5.714|Pixilate:2.857,Incineroar:57.143|Gengar:37.143|Sinistcha:20.000|Kommo-O:20.000|Blastoise:20.000|Sneasler:17.143|Kingambit:14.286|Gallade:11.429|Meowscarada:11.429|Milotic:11.429
Milotic,9.0,20,Scald:89.564|Protect:84.820|Icy Wind:57.116|Ice Beam:53.890|Recover:42.884|Life Dew:21.632|Muddy Water:12.524|Hypnosis:7.780|Coil:7.590|Helping Hand:6.072,Leftovers:76.281|Sitrus Berry:12.713|Mystic Water:3.985|Lum Berry:1.898|Wacan Berry:1.328|Bright Powder:0.949|Rindo Berry:0.949|Choice Scarf:0.569|Shell Bell:0.569|Quick Claw:0.380,Competitive:96.774|Marvel Scale:3.036|Cute Charm:0.190,Garchomp:49.526|Incineroar:49.336|Sneasler:39.469|Charizard:34.156|Sinistcha:28.273|Venusaur:20.114|Kingambit:19.545|Tyranitar:18.216|Gardevoir:17.078|Whimsicott:15.560
Empoleon,1.0,79,ラスターカノン:95.000|まもる:85.000|ハイドロポンプ:50.000|れいとうビーム:47.500|なみのり:22.500|ほえる:17.500|みずのはどう:17.500|しんくうは:12.500|ウェザーボール:10.000|ステルスロック:7.500,たべのこし:32.500|オボンのみ:27.500|ヨプのみ:20.000|しんぴのしずく:7.500|メンタルハーブ:5.000|しろいハーブ:2.500|メタルコート:2.500|シュカのみ:2.500,かちき:95.000|げきりゅう:2.500|まけんき:2.500,ガオガエン:42.500|ガブリアス:40.000|ユキメノコ:30.000|リザードン:22.500|Kingambit:22.500|Sneasler:20.000|エルフーン:20.000|Sinistcha:17.500|Farigiraf:15.000|ロトム:15.000
Lopunny,1.0,73,Close Combat:100.000|Fake Out:82.222|Protect:77.778|Triple Axel:40.000|Ice Punch:20.000|U-turn:13.333|Mega Kick:11.111|Quick Attack:8.889|Giga Impact:8.889|Fire Punch:6.667,Lopunnite:100.000,Limber:37.778|Scrappy:33.333|Cute Charm:28.889,Aerodactyl:33.333|Basculegion:26.667|Incineroar:26.667|Sneasler:24.444|Aegislash:22.222|Sinistcha:20.000|Whimsicott:20.000|Milotic:20.000|Garchomp:20.000|Primarina:17.778
Garchomp,38.0,3,Earthquake:89.964|Dragon Claw:85.329|Rock Slide:76.463|Protect:70.162|Stomping Tantrum:45.905|Swords Dance:5.086|Stone Edge:4.905|Poison Jab:4.275|Iron Head:4.050|Bulldoze:3.555,Choice Scarf:26.823|White Herb:16.472|Soft Sand:15.572|Lum Berry:8.416|Haban Berry:7.831|Sitrus Berry:4.635|Yache Berry:4.275|Garchompite:3.555|Bright Powder:2.790|Focus Sash:2.745,Rough Skin:90.414|Sand Veil:9.226|Sand Force:0.360,Sneasler:51.080|Incineroar:48.875|Charizard:32.628|Rotom-Wash:29.028|Kingambit:26.823|Floette-Eternal:23.042|Whimsicott:22.682|Aerodactyl:19.847|Venusaur:18.767|Sinistcha:17.237
Lucario,2.0,52,Protect:68.539|Close Combat:60.674|Bullet Punch:50.562|Meteor Mash:39.326|Aura Sphere:34.831|Flash Cannon:33.708|Vacuum Wave:21.348|Nasty Plot:15.730|Extreme Speed:12.360|Detect:10.112,Lucarionite:77.528|Quick Claw:3.371|Focus Sash:3.371|Lum Berry:3.371|Black Belt:2.247|White Herb:2.247|Choice Scarf:2.247|Lucarionite Z:1.124|Sitrus Berry:1.124|Never-Melt Ice:1.124,Inner Focus:87.640|Steadfast:4.494|Adaptability:4.494|Justified:3.371,Incineroar:39.326|Garchomp:37.079|Rotom-Wash:30.337|Whimsicott:28.090|Sinistcha:19.101|Aerodactyl:14.607|Tyranitar:13.483|Talonflame:12.360|Sneasler:12.360|Farigiraf:12.360
Weavile,1.0,86,Fake Out:81.250|Knock Off:53.125|Triple Axel:43.750|Protect:34.375|Ice Spinner:25.000|Throat Chop:15.625|Low Kick:15.625|Icicle Crash:12.500|Icy Wind:12.500|Taunt:12.500,Focus Sash:68.750|Shell Bell:9.375|King:9.375|Choice Scarf:6.250|Scope Lens:3.125|No Item:3.125,Pickpocket:50.000|Pressure:50.000,Gengar:25.000|Sableye:21.875|Sinistcha:21.875|Hydreigon:18.750|Pelipper:18.750|Incineroar:18.750|Basculegion:15.625|Garchomp:15.625|Rotom-Wash:15.625|Sylveon:12.500
Mamoswine,1.0,67,Icicle Crash:90.741|Earthquake:68.519|Ice Shard:57.407|High Horsepower:55.556|Protect:53.704|Rock Slide:42.593|Stomping Tantrum:9.259|Icicle Spear:5.556|Superpower:3.704|Icy Wind:3.704,Choice Scarf:42.593|Focus Sash:33.333|Sitrus Berry:5.556|Never-Melt Ice:5.556|Soft Sand:3.704|Bright Powder:3.704|Chople Berry:1.852|Leftovers:1.852|Occa Berry:1.852,Oblivious:83.333|Thick Fat:9.259|Snow Cloak:5.556|oblius:1.852,Incineroar:42.593|Sneasler:35.185|Sinistcha:33.333|Rotom-Wash:31.481|Charizard:29.630|Whimsicott:16.667|Kingambit:16.667|Gengar:16.667|Venusaur:14.815|Farigiraf:12.963
Gallade,1.0,61,Coupe Psycho:90.909|Lame Sainte:87.879|Abri:43.939|Garde Large:37.879|Distorsion:34.848|Lame Feuille:18.182|Danse Lames:12.121|Tranche-Nuit:10.606|Sabotage:10.606|Close Combat:10.606,Gallamite:31.818|Herbe Blanche:21.212|Ceinture Force:15.152|Lentilscope:10.606|Baie Sitrus:6.061|Mouchoir Choix:3.030|Ceinture Noire:3.030|Restes:3.030|Poudre Claire:1.515|Cuillère Tordue:1.515,Sharpness:83.333|Impassible:6.061|Cœur Noble:6.061|Attention:4.545,Félinferno:39.394|Farigiraf:24.242|Sinistcha:24.242|Chartor:22.727|Farfaduvet:16.667|Kingambit:16.667|Sorcilence:13.636|Palafin:13.636|Maushold:12.121|Dracolosse:10.606
Froslass,10.0,19,Blizzard:98.077|Protect:96.329|Shadow Ball:95.979|Aurora Veil:74.650|Substitute:7.867|Nasty Plot:6.469|Thunderbolt:4.895|Taunt:4.545|Icy Wind:2.622|Destiny Bond:1.923,Froslassite:98.077|Focus Sash:1.224|froslassite:0.350|Choice Band:0.175|Frosslassite:0.175,Cursed Body:54.021|Snow Cloak:27.972|Snow Warning:18.007,Sneasler:69.406|Kingambit:59.790|Garchomp:44.930|Incineroar:31.643|Sinistcha:22.203|Basculegion:21.503|Arcanine-Hisui:21.154|Rotom-Wash:20.629|Primarina:13.986|Whimsicott:11.713
Rotom-Heat,3.0,43,Overheat:97.468|Thunderbolt:72.152|Volt Switch:65.190|Protect:62.658|Will-O-Wisp:36.076|Electroweb:24.051|Trick:15.190|Discharge:11.392|Eerie Impulse:3.797|Helping Hand:3.797,Choice Scarf:30.380|Sitrus Berry:20.253|Leftovers:14.557|Passho Berry:10.759|Magnet:8.861|Lum Berry:7.595|White Herb:4.430|Quick Claw:0.633|Loaded Dice:0.633|Mental Herb:0.633,Levitate:100.000,Sneasler:41.139|Tyranitar:37.342|Sinistcha:36.709|Garchomp:29.747|Kingambit:29.114|Excadrill:27.215|Froslass:20.886|Basculegion:20.886|Gyarados:20.253|Corviknight:17.089
Rotom-Wash,18.0,8,Hydro Pump:98.090|Thunderbolt:73.161|Protect:55.492|Will-O-Wisp:55.492|Volt Switch:54.919|Electroweb:27.221|Trick:7.450|Helping Hand:6.972|Discharge:6.495|Nasty Plot:2.388,Sitrus Berry:36.867|Choice Scarf:27.698|Leftovers:26.648|Magnet:4.011|Rindo Berry:1.433|Quick Claw:0.955|Lum Berry:0.669|Mystic Water:0.573|Chesto Berry:0.287|Choice Specs:0.191,Levitate:100.000,Garchomp:61.605|Incineroar:49.379|Sneasler:49.093|Sinistcha:24.737|Floette-Eternal:24.451|Tyranitar:23.114|Charizard:20.057|Kingambit:20.057|Aerodactyl:18.816|Whimsicott:15.855
Rotom-Frost,1.0,76,Blizzard:100.000|Thunderbolt:85.714|Protect:57.143|Volt Switch:52.381|Helping Hand:40.476|Electroweb:30.952|Will-O-Wisp:9.524|Thunder:4.762|Shadow Ball:4.762|Discharge:2.381,Never-Melt Ice:45.238|Choice Scarf:38.095|Sitrus Berry:7.143|Occa Berry:4.762|Scope Lens:2.381|Leftovers:2.381,Levitate:100.000,Froslass:90.476|Garchomp:80.952|Incineroar:71.429|Basculegion:45.238|Orthworm:40.476|Kingambit:21.429|Sneasler:19.048|Whimsicott:14.286|Empoleon:14.286|Milotic:11.905
Excadrill,7.0,23,鐵頭:93.853|守住:93.617|岩崩:65.248|十萬馬力:64.066|地震:61.702|劍舞:6.619|直衝鑽:3.310|跺腳:2.364|角鑽:1.891|地裂:1.418,氣勢披帶:82.506|白色香草:4.728|Excadrite:4.255|講究圍巾:2.364|柔軟沙子:1.655|King:0.709|腰木果:0.709|蓮蒲果:0.709|先制之爪:0.473|文柚果:0.473,撥沙:92.435|破格:4.728|沙之力:2.837,班基拉斯:92.671|Sinistcha:58.629|熾焰咆哮虎:52.009|洛托姆:33.570|鋼鎧鴉:27.660|Sneasler:24.586|Floette-Eternal:19.385|風妖精:11.111|美納斯:11.111|暴鯉龍:10.638
Conkeldurr,1.0,70,Mach Punch:89.130|Drain Punch:86.957|Protect:56.522|Ice Punch:50.000|Thunder Punch:28.261|Knock Off:26.087|Wide Guard:15.217|Detect:10.870|Close Combat:6.522|Rock Slide:6.522,Black Belt:39.130|White Herb:19.565|Sitrus Berry:15.217|Leftovers:13.043|Focus Sash:4.348|Lum Berry:4.348|King:2.174|Coba Berry:2.174,Iron Fist:93.478|Guts:6.522,Incineroar:63.043|Farigiraf:47.826|Venusaur:21.739|Kingambit:19.565|Torkoal:19.565|Garchomp:17.391|Whimsicott:17.391|Gardevoir:17.391|Basculegion:15.217|Glimmora:15.217
Whimsicott,18.0,10,순풍:98.819|문포스:93.898|앵콜:72.835|방어:48.228|쾌청:30.906|거짓울음:11.122|도발:10.531|도우미:7.087|빛의장막:4.823|에너지볼:4.035,기합의띠:75.394|멘탈허브:9.941|오카열매:2.362|먹다남은음식:2.165|반짝가루:2.067|자뭉열매:1.969|Fairy Feather:1.673|으름열매:1.476|하양허브:0.689|Covert Cloak:0.492,짓궂은마음:99.409|엽록소:0.492|틈새포착:0.098,어흥염:51.969|한카리아스:49.606|Sneasler:47.539|리자몽:43.701|Kingambit:23.327|로토무:16.339|이상해꽃:15.256|Basculegion:15.157|Farigiraf:14.961|팬텀:14.469
Zoroark-Hisui,1.0,60,Hyper Voice:65.753|Bitter Malice:61.644|Icy Wind:60.274|Protect:49.315|Shadow Ball:36.986|Taunt:16.438|Focus Blast:15.068|Nasty Plot:15.068|Snarl:15.068|Hyper Beam:13.699,Focus Sash:47.945|Choice Scarf:24.658|Silk Scarf:15.068|Spell Tag:4.110|Quick Claw:2.740|King:1.370|Leftovers:1.370|Colbur Berry:1.370|Sitrus Berry:1.370,Illusion:100.000,Sneasler:49.315|Garchomp:32.877|Incineroar:32.877|Whimsicott:28.767|Kingambit:24.658|Charizard:20.548|Rotom-Wash:16.438|Tyranitar:16.438|Froslass:15.068|Sinistcha:13.699
Chandelure,1.0,88,Shadow Ball:100.000|Heat Wave:93.750|Protect:68.750|Trick Room:43.750|Overheat:31.250|Energy Ball:21.875|Dark Pulse:6.250|Calm Mind:6.250|Trick:6.250|Flamethrower:6.250,Chandelurite:53.125|Choice Scarf:25.000|Focus Sash:18.750|Charcoal:3.125,Flash Fire:81.250|Infiltrator:18.750,Garchomp:34.375|Rotom-Wash:21.875|Sneasler:18.750|Whimsicott:18.750|Farigiraf:18.750|Kingambit:18.750|Incineroar:18.750|Sinistcha:18.750|Aerodactyl:18.750|Meganium:15.625
Golurk,2.0,45,Protect:89.209|Headlong Rush:82.014|Poltergeist:78.417|Ice Punch:58.273|Drain Punch:17.986|Earthquake:10.072|Thunder Punch:10.072|High Horsepower:7.914|Knock Off:7.194|Rock Slide:6.475,Golurkite:95.683|Black Belt:1.439|Meganiumite:1.439|Spell Tag:0.719|golurkite:0.719,Iron Fist:76.978|No Guard:18.705|Unseen Fist:4.317,Farigiraf:79.856|Incineroar:70.504|Torkoal:63.309|Sneasler:43.885|Venusaur:38.129|Sinistcha:24.460|Kingambit:16.547|Oranguru:11.511|Hatterene:9.353|Maushold:7.914
Hydreigon,2.0,49,Dark Pulse:91.304|Draco Meteor:86.957|Protect:50.435|Earth Power:33.043|Snarl:26.957|Tailwind:23.478|Flamethrower:15.652|Heat Wave:14.783|Focus Energy:13.043|Flash Cannon:9.565,Choice Scarf:30.435|Scope Lens:13.043|White Herb:10.435|Chople Berry:10.435|Sitrus Berry:6.957|Focus Sash:5.217|Black Glasses:5.217|Lum Berry:4.348|Quick Claw:3.478|Leftovers:3.478,Levitate:100.000,Incineroar:36.522|Sneasler:33.043|Whimsicott:20.000|Charizard:16.522|Aegislash:16.522|Sylveon:14.783|Sinistcha:13.913|Garchomp:13.913|Tyranitar:12.174|Venusaur:11.304
Volcarona,2.0,47,Protect:62.791|Rage Powder:58.915|Heat Wave:51.938|Quiver Dance:40.310|Tailwind:33.333|Giga Drain:31.783|Struggle Bug:27.132|Fiery Dance:24.806|Bug Buzz:20.155|Overheat:20.155,Sitrus Berry:35.659|Leftovers:27.132|Charti Berry:10.078|Passho Berry:10.078|Focus Sash:3.876|Lum Berry:3.101|Bright Powder:2.326|White Herb:1.550|Coba Berry:1.550|Charcoal:1.550,Flame Body:100.000,Sneasler:32.558|Garchomp:29.457|Incineroar:25.581|Basculegion:24.031|Rotom-Wash:21.705|Sinistcha:21.705|Kingambit:20.155|Tyranitar:20.155|Whimsicott:16.279|Excadrill:13.178
Chesnaught,1.0,80,Spiky Shield:94.737|Body Press:78.947|Wood Hammer:73.684|Leech Seed:34.211|Wide Guard:31.579|Iron Defense:28.947|Drain Punch:18.421|Seed Bomb:7.895|Poison Jab:5.263|Knock Off:5.263,Chesnaughtite:94.737|Leftovers:5.263,Bulletproof:94.737|Overgrow:5.263,Incineroar:50.000|Basculegion:44.737|Kingambit:34.211|Pelipper:31.579|Archaludon:28.947|Farigiraf:21.053|Sinistcha:18.421|Clefable:15.789|Politoed:15.789|Garchomp:13.158
Delphox,7.0,24,Heat Wave:96.814|Protect:96.569|Psychic:87.500|Substitute:37.990|Encore:25.245|Nasty Plot:13.971|Psyshock:10.539|Dazzling Gleam:5.637|Calm Mind:4.902|Flamethrower:3.922,Delphoxite:99.020|Leftovers:0.490|Sitrus Berry:0.245|Choice Scarf:0.245,Blaze:66.176|Levitate:30.637|Magician:3.186,Sneasler:67.157|Garchomp:62.255|Kingambit:51.961|Aerodactyl:29.412|Floette-Eternal:29.167|Basculegion:28.922|Incineroar:22.304|Clefable:21.569|Rotom-Wash:17.402|Maushold:17.157
Greninja,1.0,71,Dark Pulse:84.783|Ice Beam:69.565|Hydro Pump:56.522|Protect:50.000|Sludge Wave:23.913|Water Shuriken:19.565|U-turn:17.391|Extrasensory:10.870|Icy Wind:10.870|Surf:10.870,Greninjite:54.348|Choice Scarf:15.217|Mystic Water:8.696|Focus Sash:4.348|King:4.348|Sitrus Berry:4.348|King's Rock:2.174|Life Orb:2.174|Black Glasses:2.174|Scope Lens:2.174,Protean:97.826|Torrent:2.174,Sneasler:30.435|Incineroar:30.435|Dragonite:26.087|Pelipper:26.087|Garchomp:21.739|Archaludon:19.565|Sinistcha:19.565|Charizard:15.217|Excadrill:13.043|Ninetales-Alola:13.043
Talonflame,7.0,26,Ventoincoda:99.472|Protezione:74.142|Fuococarica:63.852|Baldeali:41.689|Doppia Ala:31.926|Fuocofatuo:29.551|Acrobazia:22.691|Provocazione:7.916|Anticipo:6.332|Upper Hand:6.069,Beccaffilato:44.327|Focalnastro:18.734|None:5.013|No Item:4.485|none:2.902|Baccaciofo:2.639|Baccaprugna:2.111|Carbonella:1.847|Luminpolvere:1.583|Avanzi:1.583,Aliraffica:96.306|Corpodifuoco:3.430|Glale Wings:0.264,Garchomp:67.810|Sneasler:40.633|Floette-Eternal:32.982|Rotom:32.454|Maushold:24.802|Incineroar:22.427|Kingambit:22.427|Aegislash:18.734|Sinistcha:18.206|Froslass:17.150
Vivillon,1.0,72,Protect:88.889|Sleep Powder:88.889|Hurricane:73.333|Rage Powder:71.111|Tailwind:53.333|Pollen Puff:20.000|U-turn:2.222|Air Slash:2.222,Focus Sash:95.556|Bright Powder:2.222|Quick Claw:2.222,Compound Eyes:82.222|Friend Guard:13.333|Shield Dust:4.444,Incineroar:68.889|Gengar:37.778|Kingambit:35.556|Politoed:33.333|Basculegion:28.889|Sneasler:28.889|Farigiraf:22.222|Garchomp:17.778|Archaludon:17.778|Gardevoir:17.778
Floette,19.0,7,Protect:98.524|Dazzling Gleam:87.915|Calm Mind:85.609|Moonblast:80.812|Draining Kiss:25.277|Light of Ruin:14.576|Psychic:3.137|Giga Drain:1.199|Pollen Puff:0.554|Petal Dance:0.369,Floettite:98.616|Choice Scarf:0.554|Floetitte:0.461|floettite:0.369,Flower Veil:70.849|Fairy Aura:27.952|Symbiosis:0.830|Regenerator:0.277|Flower Veil - Fairy Aura:0.092,Incineroar:63.192|Sneasler:52.860|Garchomp:47.232|Sinistcha:43.819|Aerodactyl:36.439|Kingambit:30.535|Basculegion:28.782|Rotom-Wash:23.616|Maushold:19.557|Aegislash:13.745
Floette-Eternal,19.0,7,Protect:98.524|Dazzling Gleam:87.915|Calm Mind:85.609|Moonblast:80.812|Draining Kiss:25.277|Light of Ruin:14.576|Psychic:3.137|Giga Drain:1.199|Pollen Puff:0.554|Petal Dance:0.369,Floettite:98.616|Choice Scarf:0.554|Floetitte:0.461|floettite:0.369,Flower Veil:70.849|Fairy Aura:27.952|Symbiosis:0.830|Regenerator:0.277|Flower Veil - Fairy Aura:0.092,Incineroar:63.192|Sneasler:52.860|Garchomp:47.232|Sinistcha:43.819|Aerodactyl:36.439|Kingambit:30.535|Basculegion:28.782|Rotom-Wash:23.616|Maushold:19.557|Aegislash:13.745
Meowstic,1.0,81,Fake Out:63.158|Psychic Terrain:63.158|Expanding Force:52.632|Light Screen:36.842|Psychic:21.053|Trick Room:21.053|Gravity:18.421|Helping Hand:15.789|Alluring Voice:13.158|Thunder Wave:13.158,Meowsticite:36.842|Focus Sash:18.421|Mental Herb:13.158|Sitrus Berry:10.526|Colbur Berry:7.895|Lum Berry:5.263|Bright Powder:5.263|Quick Claw:2.632,Prankster:97.368|Infiltrator:2.632,Kingambit:36.842|Sneasler:36.842|Sinistcha:26.316|Alakazam:26.316|Incineroar:23.684|Farigiraf:18.421|Whimsicott:18.421|Hatterene:15.789|Pelipper:15.789|Tyranitar:15.789
Aegislash,6.0,27,King's Shield:96.206|Shadow Sneak:64.770|Poltergeist:60.434|Iron Head:58.266|Shadow Ball:30.623|Flash Cannon:26.558|Wide Guard:21.680|Sacred Sword:20.596|Close Combat:5.691|Substitute:3.252,Spell Tag:59.621|Leftovers:18.157|Focus Sash:4.878|White Herb:3.523|Sitrus Berry:3.252|Colbur Berry:2.168|Metal Coat:1.897|Occa Berry:1.626|Kasib Berry:1.626|Bright Powder:0.542,Stance Change:100.000,Garchomp:53.930|Incineroar:47.696|Floette-Eternal:40.379|Rotom-Wash:38.753|Sneasler:34.146|Aerodactyl:21.138|Talonflame:19.241|Maushold:17.615|Charizard:16.260|Whimsicott:14.092
Sylveon,4.0,37,Hyper Voice:98.598|Protect:72.897|Quick Attack:43.925|Hyper Beam:32.243|Calm Mind:27.103|Shadow Ball:22.430|Moonblast:20.561|Yawn:16.355|Helping Hand:15.421|Detect:15.421,Fairy Feather:75.701|Leftovers:9.813|Sitrus Berry:5.607|Choice Scarf:2.336|Focus Sash:2.336|Quick Claw:2.336|Kebia Berry:0.467|Shell Bell:0.467|Silk Scarf:0.467|Ribbon Dash - fairy feather:0.467,Pixilate:96.262|Cute Charm:3.738,Incineroar:47.196|Sneasler:29.439|Garchomp:26.636|Sinistcha:23.364|Farigiraf:19.159|Tyranitar:16.355|Whimsicott:15.421|Kingambit:15.421|Charizard:14.486|Gengar:11.682
Hawlucha,1.0,83,Entrainment:58.333|Protect:55.556|Brave Bird:41.667|High Jump Kick:33.333|Close Combat:33.333|Detect:30.556|Flying Press:30.556|Dual Wingbeat:22.222|Stone Edge:19.444|Coaching:13.889,Hawluchanite:75.000|White Herb:11.111|Focus Sash:5.556|Focus Band:2.778|Bright Powder:2.778|Mental Herb:2.778,Limber:36.111|Mold Breaker:33.333|Unburden:27.778|No Guard:2.778,Incineroar:47.222|Tyranitar:30.556|Excadrill:30.556|Dragonite:25.000|Snorlax:19.444|Sinistcha:19.444|Sneasler:16.667|Garchomp:16.667|Maushold:16.667|Rotom-Wash:13.889
Goodra-Hisui,1.0,90,Body Press:62.069|Shelter:55.172|Flash Cannon:51.724|Protect:48.276|Thunderbolt:31.034|Heavy Slam:27.586|Dragon Pulse:17.241|Life Dew:17.241|Rest:17.241|Draco Meteor:13.793,Leftovers:55.172|Chesto Berry:13.793|Chople Berry:10.345|Lum Berry:6.897|Sitrus Berry:6.897|Bright Powder:3.448|Quick Claw:3.448,Shell Armor:58.621|Sap Sipper:27.586|Gooey:13.793,Sneasler:31.034|Froslass:27.586|Incineroar:27.586|Milotic:27.586|Sinistcha:24.138|Whimsicott:20.690|Pelipper:17.241|Basculegion:13.793|Farigiraf:13.793|Garchomp:13.793
Incineroar,51.0,1,Fake Out:99.028|Parting Shot:95.945|Flare Blitz:86.696|Throat Chop:43.097|Darkest Lariat:38.874|Protect:12.735|Will-O-Wisp:5.496|Helping Hand:4.558|Taunt:3.954|Snarl:2.949,Sitrus Berry:55.462|Chople Berry:16.991|Shuca Berry:11.830|Leftovers:4.256|Lum Berry:4.088|Passho Berry:2.446|White Herb:1.273|Black Glasses:0.603|Charcoal:0.536|Quick Claw:0.536,Intimidate:98.157|Blaze:1.810|Intimidaci:0.034,Sneasler:40.114|Sinistcha:37.299|Garchomp:36.394|Basculegion:22.989|Floette-Eternal:22.956|Charizard:21.247|Kingambit:19.605|Whimsicott:17.694|Rotom-Wash:17.326|Venusaur:16.153
Primarina,5.0,30,Schallwelle:96.721|Schutzschild:94.426|Mondgewalt:93.443|Gedankengut:42.623|Zauberschein:10.164|Eissturm:8.852|Dunkelnebel:7.869|Eisstrahl:7.541|Meteorologe:6.885|Hydropumpe:3.279,Überreste:43.934|Zauberwasser:27.869|Tsitrubeere:12.131|Fairy Feather:6.557|Flinkklaue:2.951|Prunusbeere:1.639|Grarzbeere:0.984|Schutzbrille:0.656|Fokusgurt:0.656|Grindobeere:0.656,Plätscherstimme:95.738|Sturzbach:4.262,Sneasler:49.836|Fuegro:48.525|Kingambit:38.361|Knakrack:29.180|Sinistcha:27.869|Frosdedje:26.230|Despotar:16.393|Farigiraf:15.082|Fiaro:13.115|Elfun:13.115
Crabominable,1.0,57,Protect:90.789|Drain Punch:84.211|Ice Hammer:80.263|Mach Punch:61.842|Ice Punch:19.737|Thunder Punch:19.737|Close Combat:18.421|Crabhammer:9.211|Knock Off:3.947|Rock Slide:3.947,Crabominite:96.053|Focus Sash:2.632|Crabominablite:1.316,Hyper Cutter:84.211|Iron Fist:15.789,Farigiraf:63.158|Incineroar:56.579|Sinistcha:38.158|Torkoal:38.158|Kingambit:22.368|Basculegion:19.737|Maushold:15.789|Camerupt:14.474|Pelipper:13.158|Archaludon:10.526
Araquanid,1.0,82,Liquidation:94.595|Protect:89.189|Wide Guard:81.081|Leech Life:59.459|Lunge:27.027|Infestation:13.514|Icy Wind:10.811|Poison Jab:5.405|Mirror Coat:2.703|Bug Bite:2.703,Mystic Water:59.459|Leftovers:32.432|Lum Berry:2.703|Sitrus Berry:2.703|Shell Bell:2.703,Water Bubble:94.595|Water Absorb:5.405,Incineroar:62.162|Sinistcha:43.243|Farigiraf:18.919|Sneasler:18.919|Torkoal:18.919|Oranguru:18.919|Sylveon:16.216|Abomasnow:16.216|Tyranitar:13.514|Kingambit:13.514
Tsareena,1.0,68,Trop Kick:69.231|Triple Axel:63.462|Protect:59.615|Low Kick:34.615|Helping Hand:26.923|Power Whip:26.923|High Jump Kick:25.000|Taunt:21.154|U-turn:21.154|Zen Headbutt:19.231,Sitrus Berry:21.154|White Herb:15.385|Choice Scarf:11.538|Leftovers:11.538|Focus Sash:11.538|Coba Berry:5.769|Kebia Berry:5.769|Lum Berry:3.846|Occa Berry:3.846|Black Belt:1.923,Queenly Majesty:94.231|Leaf Guard:5.769,Sneasler:38.462|Kingambit:36.538|Incineroar:32.692|Basculegion:26.923|Froslass:23.077|Garchomp:21.154|Talonflame:21.154|Whimsicott:19.231|Gengar:19.231|Aerodactyl:19.231
Oranguru,1.0,65,Trick Room:100.000|Instruct:98.305|Protect:71.186|Psychic:52.542|Foul Play:22.034|Encore:15.254|Taunt:8.475|Knock Off:8.475|Hyper Voice:6.780|Psychic Noise:5.085,Mental Herb:54.237|Sitrus Berry:16.949|Colbur Berry:15.254|Leftovers:6.780|Focus Sash:1.695|Lum Berry:1.695|Focus Band:1.695|Silk Scarf:1.695,Inner Focus:86.441|Telepathy:13.559,Torkoal:47.458|Incineroar:42.373|Sinistcha:30.508|Golurk:27.119|Camerupt:20.339|Kingambit:16.949|Hatterene:16.949|Sylveon:15.254|Sneasler:15.254|Crabominable:13.559
Mimikyu,1.0,59,嬉鬧:97.333|戲法空間:68.000|影子偷襲:68.000|守住:42.667|暗影爪:32.000|劍舞:28.000|鬼火:12.000|挑釁:6.667|挺住:6.667|暗影球:6.667,心靈香草:32.000|詛咒之符:20.000|文柚果:16.000|白色香草:10.667|木子果:8.000|吃剩的東西:5.333|氣勢披帶:2.667|霹霹果:1.333|光粉:1.333|氣勢頭帶:1.333,畫皮:100.000,熾焰咆哮虎:44.000|煤炭龜:25.333|Farigiraf:18.667|美納斯:18.667|耿鬼:18.667|烈咬陸鯊:17.333|Sinistcha:16.000|Kingambit:14.667|噴火龍:14.667|老翁龍:12.000
Drampa,1.0,62,Hyper Voice:88.889|Protect:66.667|Draco Meteor:49.206|Dragon Pulse:47.619|Earth Power:26.984|Thunderbolt:23.810|Calm Mind:23.810|Flamethrower:12.698|Thunder:11.111|Roost:9.524,Drampanite:80.952|Quick Claw:6.349|Silk Scarf:4.762|Yache Berry:1.587|Leftovers:1.587|Life Orb:1.587|Focus Sash:1.587|Shell Bell:1.587,Cloud Nine:57.143|Berserk:42.857,Farigiraf:52.381|Incineroar:39.683|Sinistcha:39.683|Kingambit:23.810|Torkoal:22.222|Sneasler:15.873|Mimikyu:14.286|Golurk:12.698|Whimsicott:12.698|Hatterene:11.111
Kommo-o,6.0,28,Protect:98.361|Clanging Scales:90.164|Clangorous Soul:83.880|Aura Sphere:83.880|Flamethrower:9.836|Body Press:9.563|Iron Defense:9.563|Draco Meteor:5.738|Vacuum Wave:4.098|Flash Cannon:1.913,Leftovers:69.399|Dragon Fang:16.940|Haban Berry:4.918|Sitrus Berry:4.098|Roseli Berry:1.366|White Herb:0.820|Black Belt:0.546|Leftover:0.273|Shell Bell:0.273|Coba Berry:0.273,Soundproof:53.825|Overcoat:39.617|Bulletproof:6.284|bulletproff:0.273,Incineroar:75.683|Sinistcha:51.639|Gengar:44.809|Kingambit:33.607|Tyranitar:28.142|Sneasler:19.672|Rotom-Wash:18.852|Whimsicott:18.033|Basculegion:16.940|Aegislash:12.568
Corviknight,7.0,22,Brave Bird:80.324|Tailwind:59.028|Body Press:56.713|Roost:53.935|Bulk Up:44.213|Iron Head:42.824|Iron Defense:25.694|Protect:22.222|Taunt:3.472|U-turn:1.852,Leftovers:74.306|Sitrus Berry:9.722|Occa Berry:8.333|Lum Berry:2.315|Sharp Beak:1.620|Mental Herb:0.926|Metal Coat:0.694|Focus Sash:0.694|Bright Powder:0.694|Focus Band:0.231,Mirror Armor:92.824|Pressure:4.861|Unnerve:2.315,Garchomp:49.306|Incineroar:46.528|Tyranitar:46.528|Sinistcha:41.435|Rotom-Wash:34.259|Sneasler:31.250|Excadrill:27.083|Floette-Eternal:13.426|Milotic:10.880|Glimmora:10.648
Hatterene,1.0,58,Dazzling Gleam:98.667|Trick Room:96.000|Psychic:74.667|Protect:64.000|Mystical Fire:22.667|Expanding Force:16.000|Magic Powder:9.333|Calm Mind:4.000|Future Sight:2.667|Psychic Terrain:2.667,Fairy Feather:48.000|Focus Sash:22.667|Twisted Spoon:6.667|Sitrus Berry:6.667|Kebia Berry:4.000|Leftovers:2.667|Shell Bell:2.667|Kasib Berry:2.667|Quick Claw:1.333|Focus Band:1.333,Magic Bounce:93.333|Healer:5.333|Mirror Bounce:1.333,Torkoal:60.000|Incineroar:50.667|Farigiraf:45.333|Kingambit:34.667|Charizard:18.667|Golurk:17.333|Oranguru:13.333|Gallade:12.000|Sinistcha:12.000|Maushold:9.333
Dragapult,4.0,40,Dragon Darts:68.447|Phantom Force:65.049|Protect:60.194|Will-O-Wisp:35.437|U-turn:27.184|Shadow Ball:27.184|Draco Meteor:24.272|Psychic Fangs:18.447|Outrage:10.194|Sucker Punch:9.223,Focus Sash:27.670|Dragon Fang:23.301|Lum Berry:8.252|Choice Scarf:6.796|Colbur Berry:6.796|Kasib Berry:5.825|White Herb:5.340|Spell Tag:3.883|Leftovers:1.456|Focus Band:1.456,Clear Body:80.583|Infiltrator:16.990|Cursed Body:2.427,Sneasler:49.515|Incineroar:37.379|Kingambit:25.728|Tyranitar:23.786|Rotom-Wash:21.845|Whimsicott:21.359|Charizard:19.903|Excadrill:18.447|Sinistcha:17.476|Garchomp:16.019
Basculegion,25.0,6,Last Respects:97.715|Wave Crash:93.698|Aqua Jet:86.911|Flip Turn:74.584|Protect:26.247|Liquidation:4.640|Icy Wind:3.809|Psychic Fangs:2.078|Shadow Ball:1.524|Ice Fang:1.316,Choice Scarf:68.629|Mystic Water:21.468|Sitrus Berry:3.809|Focus Sash:3.740|White Herb:0.554|Spell Tag:0.485|Lum Berry:0.346|Leftovers:0.208|Life Orb:0.139|Colbur Berry:0.139,Adaptability:75.069|Swift Swim:24.723|Adapdability:0.069|swift Swin:0.069|Mold Breaker:0.069,Sneasler:56.579|Incineroar:47.507|Pelipper:38.989|Kingambit:32.825|Archaludon:28.740|Sinistcha:28.532|Garchomp:25.693|Dragonite:23.753|Floette-Eternal:21.607|Aerodactyl:14.197
Sneasler,48.0,2,Close Combat:99.571|Dire Claw:97.891|Fake Out:89.167|Protect:76.975|Coaching:14.873|Rock Tomb:6.114|Rock Slide:4.433|Throat Chop:3.110|Gunk Shot:1.144|Taunt:1.073,White Herb:74.580|Focus Sash:21.023|Mental Herb:2.860|Sitrus Berry:0.429|Black Belt:0.143|Poison Barb:0.107|Focus Band:0.107|Bright Powder:0.107|Choice Scarf:0.072|Lum Berry:0.072,Unburden:89.775|Poison Touch:7.794|Pressure:2.360|Pickpocket:0.036|Technician:0.036,Incineroar:42.796|Garchomp:40.579|Kingambit:37.504|Basculegion:29.210|Sinistcha:28.209|Charizard:21.487|Floette-Eternal:20.486|Aerodactyl:18.949|Rotom-Wash:18.377|Whimsicott:17.269
Meowscarada,1.0,55,Flower Trick:100.000|Knock Off:71.951|Triple Axel:58.537|Protect:47.561|Sucker Punch:36.585|U-turn:23.171|Low Kick:17.073|Play Rough:15.854|Throat Chop:9.756|Thunder Punch:6.098,Focus Sash:40.244|Choice Scarf:34.146|Black Glasses:4.878|Miracle Seed:4.878|White Herb:4.878|Sitrus Berry:2.439|Quick Claw:2.439|Lum Berry:1.220|Never-Melt Ice:1.220|Bright Powder:1.220,Protean:74.390|Overgrow:24.390|Protein:1.220,Sneasler:41.463|Garchomp:37.805|Incineroar:30.488|Milotic:19.512|Whimsicott:18.293|Talonflame:17.073|Gardevoir:15.854|Farigiraf:15.854|Rotom-Wash:15.854|Gengar:14.634
Maushold,9.0,21,Follow Me:96.819|Protect:90.258|Super Fang:79.722|Taunt:45.924|Helping Hand:25.845|Encore:18.489|Population Bomb:15.308|Feint:9.940|After You:2.783|Rain Dance:2.187,Chople Berry:45.527|Focus Sash:28.032|Sitrus Berry:8.748|Lum Berry:4.175|Bright Powder:2.584|King:2.187|Mental Herb:2.187|Leftovers:1.988|Silk Scarf:1.789|King's Rock:0.596,Friend Guard:93.837|Technician:5.169|Cheek Pouch:0.795|Tough Claws:0.199,Garchomp:51.889|Floette-Eternal:42.147|Incineroar:38.966|Sneasler:38.171|Kingambit:24.254|Aerodactyl:23.260|Basculegion:21.869|Talonflame:18.688|Rotom-Wash:17.495|Charizard:15.905
Garganacl,1.0,87,Salt Cure:93.750|Protect:87.500|Recover:81.250|Wide Guard:68.750|Body Press:21.875|Iron Defense:18.750|Rock Slide:12.500|Stealth Rock:6.250|Zen Headbutt:3.125|Earthquake:3.125,Leftovers:59.375|Sitrus Berry:25.000|Rindo Berry:6.250|Shuca Berry:6.250|Quick Claw:3.125,Purifying Salt:93.750|Clear Body:6.250,Sneasler:78.125|Kingambit:59.375|Garchomp:46.875|Scovillain:37.500|Primarina:31.250|Froslass:31.250|Dragonite:28.125|Rotom-Wash:28.125|Incineroar:18.750|Farigiraf:9.375
Ceruledge,1.0,85,Bitter Blade:96.970|Protect:60.606|Shadow Sneak:54.545|Close Combat:36.364|Bulk Up:30.303|Poltergeist:30.303|Shadow Claw:24.242|Swords Dance:18.182|Will-O-Wisp:9.091|Psycho Cut:6.061,Focus Sash:24.242|Lum Berry:15.152|Choice Scarf:15.152|Charcoal:12.121|Leftovers:9.091|Colbur Berry:6.061|Focus Band:6.061|Shell Bell:3.030|Quick Claw:3.030|Spell Tag:3.030,Flash Fire:87.879|Weak Armor:12.121,Sneasler:42.424|Garchomp:30.303|Incineroar:27.273|Sinistcha:24.242|Gyarados:21.212|Kingambit:18.182|Froslass:18.182|Whimsicott:15.152|Floette-Eternal:12.121|Altaria:12.121
Scovillain,2.0,53,Rage Powder:89.655|Protect:87.356|Leech Seed:63.218|Flamethrower:60.920|Overheat:26.437|Giga Drain:18.391|Leaf Storm:10.345|Helping Hand:6.897|Spicy Extract:6.897|Energy Ball:6.897,Scovillainite:97.701|Sitrus Berry:1.149|Miracle Seed:1.149,Moody:63.218|Chlorophyll:25.287|Spicy Spray:10.345|Insomnia:1.149,Sneasler:60.920|Kingambit:40.230|Primarina:39.080|Garchomp:34.483|Incineroar:24.138|Aerodactyl:22.989|Dragonite:21.839|Basculegion:20.690|Farigiraf:17.241|Garganacl:13.793
Tinkaton,1.0,69,Gigaton Hammer:100.000|Fake Out:92.308|Play Rough:61.538|Knock Off:32.692|Protect:28.846|Encore:21.154|Thunder Wave:19.231|Helping Hand:15.385|Brick Break:5.769|Feint:5.769,Metal Coat:26.923|Sitrus Berry:25.000|Focus Sash:15.385|Occa Berry:7.692|Leftovers:7.692|Shuca Berry:7.692|Quick Claw:1.923|Chople Berry:1.923|Shell Bell:1.923|Scope Lens:1.923,Mold Breaker:57.692|Own Tempo:42.308,Sinistcha:28.846|Garchomp:25.000|Sneasler:23.077|Tyranitar:21.154|Incineroar:21.154|Talonflame:19.231|Aerodactyl:19.231|Dragonite:15.385|Primarina:13.462|Gengar:13.462
Palafin,5.0,32,Jet Punch:96.654|Wave Crash:94.052|Protect:77.323|Close Combat:55.390|Flip Turn:40.520|Ice Punch:11.152|Bulk Up:6.320|Drain Punch:5.948|Haze:5.204|Taunt:1.115,Mystic Water:79.182|Choice Scarf:11.152|Leftovers:4.089|Lum Berry:2.974|Sitrus Berry:2.230|Mystery Berry:0.372,Zero to Hero:100.000,Incineroar:59.480|Sinistcha:49.442|Sneasler:30.483|Kingambit:29.368|Gengar:27.881|Froslass:24.535|Pelipper:20.818|Whimsicott:18.959|Politoed:17.100|Arcanine-Hisui:16.729
Orthworm,2.0,51,Body Press:97.872|Shed Tail:89.362|Heavy Slam:81.915|Iron Defense:56.383|Protect:54.255|Iron Head:11.702|Helping Hand:6.383|Smack Down:1.064|Earthquake:1.064,Sitrus Berry:87.234|Leftovers:7.447|Occa Berry:2.128|Chople Berry:1.064|Black Belt:1.064|Lum Berry:1.064,Earth Eater:100.000,Garchomp:74.468|Incineroar:38.298|Sneasler:28.723|Froslass:28.723|Basculegion:26.596|Tyranitar:22.340|Aerodactyl:20.213|Rotom-Wash:19.149|Rotom-Frost:18.085|Sinistcha:15.957
Glimmora,4.0,34,Power Gem:96.567|Spiky Shield:87.983|Sludge Bomb:87.554|Earth Power:83.691|Sludge Wave:13.734|Protect:9.871|Mortal Spin:6.009|Substitute:5.150|Energy Ball:2.575|Stealth Rock:2.146,Glimmoranite:85.837|Focus Sash:9.013|Glimmorite:2.146|Sitrus Berry:0.858|Leftovers:0.858|Choice Scarf:0.429|Shuca Berry:0.429|glimmoranite:0.429,Toxic Debris:85.408|Adaptability:12.017|Corrosion:1.717|Levitate:0.858,Incineroar:42.060|Whimsicott:32.618|Basculegion:27.039|Garchomp:26.609|Sneasler:24.464|Sinistcha:23.605|Rotom-Wash:22.318|Corviknight:19.742|Talonflame:16.738|Pelipper:16.738
Farigiraf,11.0,16,Trick Room:96.837|Hyper Voice:72.440|Psychic:67.922|Helping Hand:48.193|Protect:46.386|Imprison:14.910|Twin Beam:13.102|Psychic Noise:7.078|Dazzling Gleam:6.627|Foul Play:6.175,Sitrus Berry:49.096|Colbur Berry:17.620|Mental Herb:14.910|Leftovers:6.627|Silk Scarf:4.367|Lum Berry:2.410|Focus Sash:1.657|Quick Claw:0.904|Twisted Spoon:0.753|White Herb:0.602,Armor Tail:99.096|Cud Chew:0.904,Incineroar:50.602|Sneasler:36.295|Torkoal:30.271|Kingambit:29.819|Charizard:23.795|Whimsicott:22.892|Garchomp:22.892|Venusaur:17.169|Golurk:16.717|Sinistcha:14.458
Kingambit,28.0,5,Sucker Punch:99.269|Protect:91.717|Kowtow Cleave:89.342|Iron Head:59.379|Swords Dance:32.948|Low Kick:23.386|Assurance:1.401|Brick Break:1.157|Iron Defense:0.183|Low Sweep:0.183,Black Glasses:61.937|Chople Berry:29.537|Focus Sash:1.705|Lum Berry:1.523|Leftovers:0.731|Dread Plate:0.670|Sitrus Berry:0.670|Occa Berry:0.487|Black Belt:0.487|Quick Claw:0.365,Defiant:97.868|Supreme Overlord:2.010|Pressure:0.061|DefiantLevel:0.061,Sneasler:63.886|Garchomp:36.297|Incineroar:35.627|Basculegion:28.867|Sinistcha:26.736|Froslass:20.828|Floette-Eternal:20.158|Aerodactyl:18.940|Charizard:16.017|Whimsicott:14.434
Sinistcha,31.0,4,Matcha Gotcha:99.175|Rage Powder:97.691|Trick Room:67.730|Life Dew:55.525|Protect:33.700|Strength Sap:26.608|Shadow Ball:13.194|Imprison:2.419|Calm Mind:0.935|Scald:0.770,Sitrus Berry:56.185|Leftovers:14.349|Occa Berry:7.587|Mental Herb:5.168|Colbur Berry:4.233|Kasib Berry:2.749|Coba Berry:2.144|Bright Powder:2.089|Focus Sash:1.924|Quick Claw:1.100,Hospitality:98.846|Heatproof:1.154,Incineroar:61.187|Sneasler:43.375|Floette-Eternal:26.113|Tyranitar:25.618|Kingambit:24.134|Basculegion:22.650|Pelipper:21.330|Garchomp:21.056|Rotom-Wash:14.239|Archaludon:14.239
Archaludon,12.0,14,Electro Shot:91.329|Flash Cannon:89.930|Protect:77.063|Draco Meteor:57.622|Dragon Pulse:34.126|Aura Sphere:21.119|Snarl:9.790|Thunderbolt:6.993|Steel Beam:2.238|Dark Pulse:1.818,Leftovers:53.007|Magnet:11.329|White Herb:8.951|Chople Berry:6.713|Sitrus Berry:4.196|Dragon Fang:3.497|Choice Scarf:3.497|Shuca Berry:1.538|Bright Powder:1.259|Quick Claw:1.259,Stamina:72.308|Sturdy:21.958|Stalwart:5.734,Pelipper:71.748|Basculegion:58.042|Incineroar:45.455|Sneasler:36.923|Sinistcha:36.224|Dragonite:32.028|Meganium:19.580|Gengar:16.783|Politoed:13.846|Whimsicott:12.168
